<?xml version="1.0" encoding="UTF-8"?>
<project-private xmlns="http://www.netbeans.org/ns/project-private/1">
    <editor-bookmarks xmlns="http://www.netbeans.org/ns/editor-bookmarks/2" lastBookmarkId="0"/>
    <open-files xmlns="http://www.netbeans.org/ns/projectui-open-files/2">
        <group>
            <file>file:/home/lukasz/NetBeansProjects/GymGenerator/src/gymgenerator/exercises/ShoulderExercises.java</file>
            <file>file:/home/lukasz/NetBeansProjects/GymGenerator/src/gymgenerator/exercises/TrapsExercises.java</file>
            <file>file:/home/lukasz/NetBeansProjects/GymGenerator/src/gymgenerator/FXMLPlanGeneratorController.java</file>
            <file>file:/home/lukasz/NetBeansProjects/GymGenerator/src/gymgenerator/exercises/LegsExercises.java</file>
            <file>file:/home/lukasz/NetBeansProjects/GymGenerator/src/gymgenerator/exercises/TricepsExercises.java</file>
            <file>file:/home/lukasz/NetBeansProjects/GymGenerator/src/gymgenerator/exercises/Attributes.java</file>
            <file>file:/home/lukasz/NetBeansProjects/GymGenerator/src/gymgenerator/exercises/ChestExercises.java</file>
            <file>file:/home/lukasz/NetBeansProjects/GymGenerator/src/gymgenerator/FXMLDietCalculator.fxml</file>
            <file>file:/home/lukasz/NetBeansProjects/GymGenerator/src/gymgenerator/FXMLDietCalculatorController.java</file>
            <file>file:/home/lukasz/NetBeansProjects/GymGenerator/src/gymgenerator/FXMLDocumentController.java</file>
            <file>file:/home/lukasz/NetBeansProjects/GymGenerator/src/gymgenerator/Plan.java</file>
        </group>
    </open-files>
</project-private>
